vin,vehicle_type,model,cfg_trim,cfg_exteriorcolor,cfg_interiortrimtype,cfg_wheeltype,cfg_towpackage,odo,cfg_steeringwheelcontrollertype,bday,vehicle_routing_location,delivery_details.eta2sc_date,delivery_details.scheduled_delivery_date,trt_id,containment_hold
5YJ3E7EA0MF900185,inventory-vehicle,3,50,PEARL_WHITE,BLACK_CONSOLE_2,PINWHEEL_REFRESH_18,NONE,60127.07,SINGLE,Thu Feb 4 2:18:18 2021,11726,,,11726,
5YJ3E7EA4MF892964,inventory-vehicle,3,50,DEEP_BLUE,BLACK_CONSOLE_2,PINWHEEL_REFRESH_18,NONE,35588.15,SINGLE,Sun Jan 31 21:44:12 2021,28498,,,28498,
5YJ3E7EA6MF905777,inventory-vehicle,3,50,DEEP_BLUE,BLACK_CONSOLE_2,PINWHEEL_REFRESH_18,NONE,65996.79,SINGLE,Sun Feb 14 5:03:51 2021,28498,,,28498,
5YJ3E7EA6MF910221,inventory-vehicle,3,50,PEARL_WHITE,BLACK_CONSOLE_2,PINWHEEL_REFRESH_18,NONE,79045.93,SINGLE,Wed Feb 17 16:11:43 2021,28498,2026-06-19,,28498,
5YJ3E7EB1LF564649,inventory-vehicle,3,74D,MIDNIGHT_SILVER,BLACK,PINWHEEL_18,NONE,61367.32,SINGLE,Wed Nov 13 17:36:44 2019,28498,,,28498,
5YJ3E7EB1MF972005,inventory-vehicle,3,74D,PEARL_WHITE,BLACK_CONSOLE_2,STILETTO_REFRESH_19,NONE,29931.86,SINGLE,Fri May 14 11:54:54 2021,28498,,,28498,
5YJ3E7EB4MF958048,inventory-vehicle,3,74D,RED_MULTICOAT,BLACK_CONSOLE_2,PINWHEEL_REFRESH_18,TESLA_REV1,50578.53,SINGLE,Wed Apr 21 7:44:25 2021,28498,,,28498,
5YJ3E7EB8KF242377,internal-vehicle,3,74D,SOLID_BLACK,BLACK,GLIDER_18,NONE,90841.59,SINGLE,Fri Feb 15 11:48:51 2019,443,,,443,
5YJ3E7EB9MF967179,inventory-vehicle,3,74D,DEEP_BLUE,BLACK_CONSOLE_2,PINWHEEL_18,NONE,57807.72,SINGLE,Tue May 11 8:38:56 2021,28498,,,28498,
LRW3E7EB4MC418399,inventory-vehicle,3,74D,RED_MULTICOAT,WHITE_CONSOLE_2,STILETTO_REFRESH_19,NONE,14351.71,SINGLE,Thu Nov 4 21:07:52 2021,28498,2021-12-22,2021-12-28,28498,
LRW3E7EJ0TC657485,service-loaner,3,74,DIAMOND_BLACK,WHITE_CONSOLE_2,GLIDER_18,NONE,4109.24,DUAL_TESLA_GEN5,Sat Sep 20 13:39:07 2025,30673,2026-06-25,,442652,
LRW3E7EJ1TC866301,customer-vehicle,3,74,QUICKSILVER,WHITE_CONSOLE_2,HELIX_19,NONE,5.94,DUAL_TESLA_GEN5,Thu May 7 18:16:25 2026,28498,2026-06-27,2026-06-30,28498,
LRW3E7EJ2TC834151,marketing-vehicle,3,74,QUICKSILVER,BLACK_CONSOLE_2,GLIDER_18,NONE,6.84,DUAL_TESLA_GEN5,Mon Mar 30 18:29:55 2026,442652,2026-05-26,,28498,
LRW3E7EJ3TC834224,marketing-vehicle,3,74,QUICKSILVER,BLACK_CONSOLE_2,GLIDER_18,NONE,133.38,DUAL_TESLA_GEN5,Mon Mar 30 18:37:08 2026,30673,2026-06-29,,30673,
LRW3E7EJ6TC866276,customer-vehicle,3,74,QUICKSILVER,BLACK_CONSOLE_2,GLIDER_18,NONE,6.28,DUAL_TESLA_GEN5,Thu May 7 16:45:24 2026,28498,2026-06-27,2026-06-30,28498,
LRW3E7EJ7TC828801,marketing-vehicle,3,74,DIAMOND_BLACK,BLACK_CONSOLE_2,HELIX_19,TESLA_REV1,6.63,DUAL_TESLA_GEN5,Thu Mar 26 2:43:10 2026,11724,2026-06-09,,11724,
LRW3E7EJ8TC655984,marketing-vehicle,3,74,STEALTH_GREY,BLACK_CONSOLE_2,HELIX_19,NONE,5857.19,DUAL_TESLA_GEN5,Sat Sep 20 13:02:41 2025,11726,2025-11-25,,11726,
LRW3E7EJ8TC865498,customer-vehicle,3,74,STEALTH_GREY,BLACK_CONSOLE_2,GLIDER_18,NONE,5.81,DUAL_TESLA_GEN5,Thu May 7 19:05:52 2026,28498,2026-06-27,2026-06-30,28498,
LRW3E7EJ9TC865848,customer-vehicle,3,74,ULTRA_RED,WHITE_CONSOLE_2,GLIDER_18,NONE,6.06,DUAL_TESLA_GEN5,Fri May 8 0:06:45 2026,28498,2026-06-27,2026-06-30,28498,
LRW3E7EJXTC657784,service-loaner,3,74,PEARL_WHITE,WHITE_CONSOLE_2,GLIDER_18,NONE,6288.15,DUAL_TESLA_GEN5,Mon Sep 22 1:10:36 2025,11726,2026-06-23,,11726,
LRW3E7EK2PC775746,customer-vehicle,3,74D,MIDNIGHT_SILVER,BLACK_CONSOLE_2,PINWHEEL_REFRESH_18,NONE,24620.23,SINGLE,Thu Jan 12 11:20:07 2023,28498,,2026-07-06,28498,
LRW3E7EK4RC954745,inventory-vehicle,3,74D,PEARL_WHITE,BLACK_CONSOLE_2,GLIDER_18,NONE,38678.89,DUAL_PREH,Mon Sep 11 16:10:54 2023,28498,2023-10-27,,28498,
LRW3E7EK5TC866164,marketing-vehicle,3,74D,PEARL_WHITE,BLACK_CONSOLE_2,HELIX_19,NONE,5.31,DUAL_TESLA_GEN5,Fri May 8 4:23:44 2026,18441,2026-07-02,,28498,
LRW3E7EK7PC702999,inventory-vehicle,3,74D,RED_MULTICOAT,BLACK_CONSOLE_2,PINWHEEL_18,NONE,33110.85,SINGLE,Tue Nov 8 23:38:54 2022,28498,2022-12-20,,28498,
LRW3E7EK7PC703750,service-loaner,3,74D,MIDNIGHT_SILVER,BLACK_CONSOLE_2,PINWHEEL_REFRESH_18,TESLA_REV1,45774.03,SINGLE,Thu Nov 10 2:35:10 2022,11726,2023-06-16,,11726,
LRW3E7EK7TC829598,marketing-vehicle,3,74D,QUICKSILVER,BLACK_CONSOLE_2,GLIDER_18,TESLA_REV1,6.79,DUAL_TESLA_GEN5,Thu Mar 26 7:55:50 2026,485210,2026-05-22,,28498,
LRW3E7EK7TC854243,customer-vehicle,3,74D,QUICKSILVER,BLACK_CONSOLE_2,HELIX_19,NONE,6.38,DUAL_TESLA_GEN5,Tue Apr 21 18:11:36 2026,28498,2026-06-18,2026-06-30,28498,
LRW3E7EKXTC669751,service-loaner,3,74D,STEALTH_GREY,WHITE_CONSOLE_2,HELIX_19,NONE,1822.93,DUAL_TESLA_GEN5,Wed Oct 8 11:34:15 2025,30673,2026-06-30,,485210,
LRW3E7EKXTC865432,inventory-vehicle,3,74D,QUICKSILVER,BLACK_CONSOLE_2,GLIDER_18,TESLA_REV1,4.98,DUAL_TESLA_GEN5,Fri May 8 7:49:29 2026,28498,2026-06-27,,28498,
LRW3E7ES8PC857223,inventory-vehicle,3,74,PEARL_WHITE,BLACK_CONSOLE_2,PINWHEEL_REFRESH_18,NONE,21300.45,SINGLE,Tue May 9 13:20:24 2023,28498,2023-08-01,,28498,
LRW3E7ET3TC760174,marketing-vehicle,3,P74D,DIAMOND_BLACK,WHITE_CONSOLE_2,WISHBONE_20_STAGGERED,NONE,8.11,DUAL_TESLA_GEN5,Tue Jan 6 6:26:12 2026,443,2026-05-07,,443,
LRW3E7ET3TC775452,marketing-vehicle,3,P74D,STEALTH_GREY,BLACK_CONSOLE_2,WISHBONE_20_STAGGERED,NONE,7.71,DUAL_TESLA_GEN5,Thu Jan 22 5:49:08 2026,26558,2026-04-08,,28498,
LRW3E7ET5TC683694,marketing-vehicle,3,P74D,ULTRA_RED,WHITE_CONSOLE_2,WISHBONE_20_STAGGERED,NONE,4011.72,DUAL_TESLA_GEN5,Fri Oct 17 14:53:56 2025,11726,2026-01-26,,11726,
LRW3E7ET5TC830368,marketing-vehicle,3,P74D,ULTRA_RED,BLACK_CONSOLE_2,WISHBONE_20_STAGGERED,NONE,14.43,DUAL_TESLA_GEN5,Thu Mar 26 13:53:38 2026,30673,2026-05-22,,30673,
LRW3E7ET6TC681419,marketing-vehicle,3,P74D,STEALTH_GREY,BLACK_CONSOLE_2,WISHBONE_20_STAGGERED,NONE,3381.06,DUAL_TESLA_GEN5,Fri Oct 17 21:14:18 2025,11724,2026-01-09,,11724,
LRW3E7ET7TC814284,marketing-vehicle,3,P74D,PEARL_WHITE,BLACK_CONSOLE_2,WISHBONE_20_STAGGERED,NONE,144.51,DUAL_TESLA_GEN5,Tue Mar 10 13:29:02 2026,11726,2026-05-04,,11726,
LRW3E7ET7TC830047,marketing-vehicle,3,P74D,PEARL_WHITE,WHITE_CONSOLE_2,WISHBONE_20_STAGGERED,NONE,638.15,DUAL_TESLA_GEN5,Thu Mar 26 13:31:28 2026,11724,2026-06-02,,11724,
LRW3E7FA3MC232942,inventory-vehicle,3,50,DEEP_BLUE,BLACK_CONSOLE_2,PINWHEEL_18_CAP_KIT,NONE,40287.02,SINGLE,Fri Apr 23 18:07:43 2021,28498,,,28498,
LRW3E7FA3MC346293,inventory-vehicle,3,50,PEARL_WHITE,BLACK_CONSOLE_2,PINWHEEL_18,NONE,50906.36,SINGLE,Fri Aug 20 9:54:37 2021,28498,,,28498,
LRW3E7FA4MC313755,customer-vehicle,3,50,MIDNIGHT_SILVER,BLACK_CONSOLE_2,PINWHEEL_REFRESH_18,NONE,38909.76,SINGLE,Thu Jul 15 20:58:41 2021,28498,,2026-07-02,28498,
LRW3E7FA6MC223409,inventory-vehicle,3,50,PEARL_WHITE,BLACK_CONSOLE_2,PINWHEEL_REFRESH_18,NONE,39987.19,SINGLE,Tue Apr 6 10:00:51 2021,28498,,,28498,
LRW3E7FA8LC104310,customer-vehicle,3,50,PEARL_WHITE,BLACK,STILETTO_19,NONE,80965.76,SINGLE,Thu Oct 22 8:08:46 2020,28498,2022-11-16,2026-07-04,28498,
LRW3E7FJ5MC292852,inventory-vehicle,3,50,PEARL_WHITE,WHITE_CONSOLE_2,PINWHEEL_REFRESH_18,NONE,77093.71,SINGLE,Mon Jun 28 13:25:37 2021,28498,,,28498,
LRW3E7FR6NC501829,customer-vehicle,3,50,SOLID_BLACK,BLACK_CONSOLE_2,PINWHEEL_REFRESH_18,NONE,28532.97,SINGLE,Tue Jan 25 2:22:04 2022,28498,,2026-07-13,28498,
LRW3E7FR8NC488260,inventory-vehicle,3,50,MIDNIGHT_SILVER,BLACK_CONSOLE_2,PINWHEEL_REFRESH_18,NONE,41508.54,SINGLE,Thu Jan 13 20:09:06 2022,28498,,,28498,
LRW3E7FR8NC488467,inventory-vehicle,3,50,DEEP_BLUE,BLACK_CONSOLE_2,PINWHEEL_REFRESH_18,NONE,34486.52,SINGLE,Fri Jan 14 0:13:50 2022,28498,,,28498,
LRW3E7FS0NC618325,inventory-vehicle,3,50,PEARL_WHITE,BLACK_CONSOLE_2,STILETTO_REFRESH_19,NONE,23077.24,SINGLE,Sun Aug 21 4:26:19 2022,28498,,,28498,
LRW3E7FS0TC771266,marketing-vehicle,3,50,PEARL_WHITE,BLACK,PRISMATA_18,NONE,2302.86,DUAL_TESLA_GEN5,Mon Jan 19 1:47:40 2026,443,2026-04-17,,443,
LRW3E7FS0TC771400,marketing-vehicle,3,50,DIAMOND_BLACK,BLACK,PRISMATA_18,NONE,1403.53,DUAL_TESLA_GEN5,Mon Jan 19 5:59:29 2026,11726,2026-03-20,,11726,
LRW3E7FS0TC771414,marketing-vehicle,3,50,PEARL_WHITE,BLACK,PRISMATA_18,NONE,3261.75,DUAL_TESLA_GEN5,Mon Jan 19 2:29:54 2026,11724,2026-03-23,,11724,
LRW3E7FS1RC033145,inventory-vehicle,3,50,PEARL_WHITE,BLACK_CONSOLE_2,HELIX_19,NONE,25870.15,DUAL_PREH,Mon Nov 27 20:31:26 2023,28498,2024-01-20,,28498,
LRW3E7FS1TC769364,marketing-vehicle,3,50,PEARL_WHITE,BLACK,PRISMATA_18,NONE,2024.96,DUAL_TESLA_GEN5,Fri Jan 16 17:13:18 2026,30673,2026-03-19,,30673,
LRW3E7FS2PC698844,inventory-vehicle,3,50,PEARL_WHITE,BLACK_CONSOLE_2,PINWHEEL_REFRESH_18,NONE,17312.64,SINGLE,Sat Nov 5 17:52:00 2022,28498,2022-12-15,,28498,
LRW3E7FS2PC817783,inventory-vehicle,3,50,SOLID_BLACK,BLACK_CONSOLE_2,PINWHEEL_REFRESH_18,TESLA_REV1,140621.88,SINGLE,Mon Mar 27 16:39:27 2023,28498,2023-05-03,,28498,
LRW3E7FS2TC865603,customer-vehicle,3,50,PEARL_WHITE,BLACK,PRISMATA_18,TESLA_REV1,5.1,DUAL_TESLA_GEN5,Fri May 8 10:47:37 2026,28498,2026-06-27,2026-06-30,28498,
LRW3E7FS3RC950409,inventory-vehicle,3,50,SOLID_BLACK,BLACK_CONSOLE_2,HELIX_19,NONE,14618.01,DUAL_PREH,Mon Sep 4 3:34:54 2023,28498,2023-10-31,,28498,
LRW3E7FS3TC818452,service-loaner,3,50,PEARL_WHITE,BLACK,PRISMATA_18,NONE,90.51,DUAL_TESLA_GEN5,Sat Mar 14 10:32:51 2026,8666,,,28498,
LRW3E7FS4PC698876,customer-vehicle,3,50,DEEP_BLUE,BLACK_CONSOLE_2,PINWHEEL_REFRESH_18,NONE,49323.21,SINGLE,Sun Nov 6 13:14:34 2022,28498,,2026-07-10,28498,
LRW3E7FS4PC811726,inventory-vehicle,3,50,PEARL_WHITE,BLACK_CONSOLE_2,PINWHEEL_REFRESH_18,TESLA_REV1,31594.84,SINGLE,Mon Mar 27 4:23:10 2023,28498,2023-05-05,,28498,
LRW3E7FS4RC981734,inventory-vehicle,3,50,PEARL_WHITE,BLACK_CONSOLE_2,GLIDER_18,TESLA_REV1,43472.33,DUAL_PREH,Tue Oct 24 12:24:15 2023,28498,2023-11-28,,28498,
LRW3E7FS5NC519550,inventory-vehicle,3,50,RED_MULTICOAT,BLACK_CONSOLE_2,PINWHEEL_REFRESH_18,NONE,43870.78,SINGLE,Tue Feb 15 11:01:45 2022,28498,,,28498,
LRW3E7FS5NC617817,inventory-vehicle,3,50,PEARL_WHITE,WHITE_CONSOLE_2,PINWHEEL_18_CAP_KIT,NONE,32124.18,SINGLE,Sat Aug 20 19:37:57 2022,28498,2022-09-27,,28498,
LRW3E7FS6PC682470,inventory-vehicle,3,50,RED_MULTICOAT,BLACK_CONSOLE_2,PINWHEEL_REFRESH_18,NONE,23173.02,SINGLE,Fri Oct 21 11:28:14 2022,28498,,,28498,
LRW3E7FS6PC754137,inventory-vehicle,3,50,SOLID_BLACK,BLACK_CONSOLE_2,PINWHEEL_REFRESH_18,NONE,46653.17,SINGLE,Wed Jan 4 1:44:14 2023,28498,2023-02-16,,28498,
LRW3E7FS6PC900486,inventory-vehicle,3,50,PEARL_WHITE,BLACK_CONSOLE_2,STILETTO_REFRESH_19,NONE,32662.67,SINGLE,Thu Jun 29 6:58:14 2023,28498,,,28498,
LRW3E7FS6RC245040,inventory-vehicle,3,50,DEEP_BLUE,BLACK_CONSOLE_2,GLIDER_18,NONE,13750.17,DUAL_PREH,Thu Jul 11 9:21:55 2024,28498,2024-09-30,,28498,
LRW3E7FS8RC050301,inventory-vehicle,3,50,PEARL_WHITE,BLACK_CONSOLE_2,GLIDER_18,NONE,22830.03,DUAL_PREH,Sat Dec 16 18:23:15 2023,28498,,,28498,
LRW3E7FS8RC949725,inventory-vehicle,3,50,PEARL_WHITE,BLACK_CONSOLE_2,GLIDER_18,NONE,19817.34,DUAL_PREH,Fri Sep 1 13:14:56 2023,28498,2023-11-07,,28498,
LRW3E7FS8RC958795,inventory-vehicle,3,50,PEARL_WHITE,BLACK_CONSOLE_2,GLIDER_18,TESLA_REV1,32049.3,DUAL_PREH,Sat Sep 16 13:34:54 2023,28498,2023-11-09,,28498,
LRW3E7FS9PC822866,inventory-vehicle,3,50,PEARL_WHITE,BLACK_CONSOLE_2,PINWHEEL_REFRESH_18,NONE,17769.51,SINGLE,Mon Apr 3 13:14:36 2023,28498,2023-06-01,,28498,
LRW3E7FS9PC889130,inventory-vehicle,3,50,PEARL_WHITE,WHITE_CONSOLE_2,PINWHEEL_REFRESH_18,TESLA_REV1,19555,SINGLE,Mon Jun 12 21:59:49 2023,28498,2023-08-01,,28498,
LRW3E7FS9RC015377,inventory-vehicle,3,50,PEARL_WHITE,BLACK_CONSOLE_2,GLIDER_18,TESLA_REV1,40349.42,DUAL_PREH,Thu Nov 16 16:09:42 2023,28498,2023-12-30,,28498,
LRW3E7FS9RC962659,inventory-vehicle,3,50,PEARL_WHITE,BLACK_CONSOLE_2,GLIDER_18,NONE,35578.33,DUAL_PREH,Fri Sep 22 16:57:58 2023,28498,2026-06-19,,28498,
LRW3E7FSXTC865770,customer-vehicle,3,50,STEALTH_GREY,BLACK,PRISMATA_18,TESLA_REV1,5.15,DUAL_TESLA_GEN5,Fri May 8 10:41:39 2026,28498,2026-06-27,2026-06-30,28498,
LRWYGCEK2NC342501,inventory-vehicle,y,74D,DEEP_BLUE,BLACK_CONSOLE_2,APOLLO_19_SILVER,TESLA_REV1,20461.55,SINGLE,Fri May 6 8:18:59 2022,28498,,,28498,
LRWYGCEK4NC349823,inventory-vehicle,y,74D,PEARL_WHITE,BLACK_CONSOLE_2,ARACHNID_V2_21,NONE,51136.51,SINGLE,Sat May 21 7:12:51 2022,28498,2022-06-22,,28498,
LRWYGCEK5NC463717,inventory-vehicle,y,74D,MIDNIGHT_SILVER,BLACK_CONSOLE_2,APOLLO_19_SILVER,TESLA_REV1,24035.21,SINGLE,Thu Aug 18 1:49:42 2022,28498,2022-09-27,,28498,
LRWYGCEK7PC708360,inventory-vehicle,y,74D,SOLID_BLACK,BLACK_CONSOLE_2,APOLLO_19_SILVER,TESLA_REV1,51802.53,SINGLE,Tue Jan 3 9:06:00 2023,28498,2023-02-17,,28498,
LRWYGCEK8MC055291,inventory-vehicle,y,74D,PEARL_WHITE,BLACK_CONSOLE_2,APOLLO_19_SILVER,TESLA_REV1,75551.07,SINGLE,Fri Jul 9 15:52:43 2021,28498,,,28498,
LRWYGCEK9NC350367,inventory-vehicle,y,74D,PEARL_WHITE,BLACK_CONSOLE_2,APOLLO_19_SILVER,TESLA_REV1,35711.72,SINGLE,Mon May 23 2:05:44 2022,28498,,,28498,
LRWYGCFS0PC712362,inventory-vehicle,y,50,PEARL_WHITE,BLACK_CONSOLE_2,APOLLO_19_SILVER,NONE,32295.16,SINGLE,Thu Jan 5 0:11:01 2023,28498,2023-02-27,,28498,
LRWYGCFS2PC000449,inventory-vehicle,y,50,PEARL_WHITE,BLACK_CONSOLE_2,APOLLO_19_SILVER,NONE,20165.41,SINGLE,Sat Jul 1 23:14:13 2023,28498,2026-06-19,,28498,
LRWYGCFS2PC758775,inventory-vehicle,y,50,PEARL_WHITE,BLACK_CONSOLE_2,APOLLO_19_SILVER,NONE,29300.96,SINGLE,Wed Feb 8 5:56:09 2023,28498,2023-03-22,,28498,
LRWYGCFS2PC998473,inventory-vehicle,y,50,PEARL_WHITE,BLACK_CONSOLE_2,APOLLO_19_SILVER,NONE,33900.55,SINGLE,Thu Jun 15 21:44:36 2023,28498,2023-08-01,,28498,
LRWYGCFS3PC716065,inventory-vehicle,y,50,SOLID_BLACK,BLACK_CONSOLE_2,APOLLO_19_SILVER,NONE,22634.98,SINGLE,Fri Jan 6 13:44:03 2023,28498,2023-02-24,,28498,
LRWYGCFS4PC999821,inventory-vehicle,y,50,PEARL_WHITE,BLACK_CONSOLE_2,APOLLO_19_SILVER,NONE,18665.36,SINGLE,Sun Jul 2 1:57:49 2023,28498,,,28498,
LRWYGCFS5PC757586,inventory-vehicle,y,50,PEARL_WHITE,BLACK_CONSOLE_2,APOLLO_19_SILVER,NONE,73093.46,SINGLE,Mon Feb 6 0:34:22 2023,28498,2026-06-19,,28498,
LRWYGCFS7RC210791,internal-vehicle,y,50,PEARL_WHITE,BLACK_CONSOLE_2,APOLLO_19_SILVER,NONE,9814.64,SINGLE,Thu Oct 12 21:49:05 2023,30673,2026-04-28,,30673,
LRWYGCFS8PC941307,inventory-vehicle,y,50,DEEP_BLUE,BLACK_CONSOLE_2,APOLLO_19_SILVER,NONE,37809.58,SINGLE,Mon May 15 18:16:58 2023,28498,2023-06-23,,28498,
LRWYGCFS9PC624930,inventory-vehicle,y,50,PEARL_WHITE,WHITE_CONSOLE_2,APOLLO_19_METALLIC_SHADOW,NONE,29003.81,SINGLE,Mon Nov 7 7:04:27 2022,28498,2022-12-22,,28498,
LRWYGCFSXPC030041,customer-vehicle,y,50,DEEP_BLUE,BLACK_CONSOLE_2,APOLLO_19_SILVER,NONE,24835.01,SINGLE,Sun Jul 2 4:35:19 2023,28498,,2026-07-10,28498,
LRWYGCFSXPC562244,inventory-vehicle,y,50,RED_MULTICOAT,BLACK_CONSOLE_2,APOLLO_19_SILVER,NONE,58393.46,SINGLE,Tue Oct 11 1:05:32 2022,28498,2026-06-19,,28498,
LRWYGCFSXPC756062,inventory-vehicle,y,50,SOLID_BLACK,BLACK_CONSOLE_2,APOLLO_19_SILVER,NONE,28053.24,SINGLE,Thu Feb 2 3:05:50 2023,28498,2023-03-13,,28498,
LRWYGCFSXPC886746,inventory-vehicle,y,50,SOLID_BLACK,BLACK_CONSOLE_2,APOLLO_19_SILVER,TESLA_REV1,33108.4,SINGLE,Sat Apr 15 19:32:35 2023,28498,2023-05-25,,28498,
XP7YGCEJ0RB363218,customer-vehicle,y,50,SOLID_BLACK,BLACK_CONSOLE_2,APOLLO_19_SILVER,NONE,29457.62,SINGLE,Wed Jan 17 17:04:14 2024,28498,,2026-07-07,28498,
XP7YGCEJ1PB163204,customer-vehicle,y,50,SOLID_BLACK,BLACK_CONSOLE_2,APOLLO_19_SILVER,NONE,34476.57,SINGLE,Tue Jun 20 1:36:30 2023,28498,2023-06-23,2026-07-11,28498,
XP7YGCEJ3PB052735,internal-vehicle,y,50,PEARL_WHITE,BLACK_CONSOLE_2,APOLLO_19_SILVER,NONE,26639.05,SINGLE,Fri Dec 2 19:46:13 2022,443,2025-06-27,,28498,
XP7YGCEJ6PB053555,mobileservice,y,50,SOLID_BLACK,BLACK_CONSOLE_2,APOLLO_19_SILVER,NONE,30041.07,SINGLE,Wed Dec 28 7:04:11 2022,11724,,,443,
XP7YGCEJ9RB365646,inventory-vehicle,y,50,PEARL_WHITE,WHITE_CONSOLE_2,INDUCTION_20_BLACK,NONE,14837.26,SINGLE,Mon Jan 15 16:42:56 2024,30673,2025-05-19,,30673,
XP7YGCEK0TB868580,marketing-vehicle,y,74D,STEALTH_GREY,BLACK_CONSOLE_2,CROSSFLOW_19,TESLA_REV2,692.26,DUAL_TESLA_GEN5,Wed Apr 8 17:58:23 2026,11726,2026-05-04,,11726,
XP7YGCEK0TB879899,marketing-vehicle,y,74D,DIAMOND_BLACK,BLACK_CONSOLE_2,CROSSFLOW_19,NONE,632.09,DUAL_TESLA_GEN5,Thu Apr 23 19:54:12 2026,443,2026-06-19,,443,
XP7YGCEK1PB091851,inventory-vehicle,y,74D,PEARL_WHITE,BLACK_CONSOLE_2,APOLLO_19_SILVER,TESLA_REV1,62072.69,SINGLE,Fri Mar 3 21:27:27 2023,28498,2023-03-09,,28498,
XP7YGCEK2PB196611,inventory-vehicle,y,74D,SOLID_BLACK,BLACK_CONSOLE_2,APOLLO_19_SILVER,NONE,16647.27,SINGLE,Fri Aug 11 15:08:31 2023,28498,,,28498,
XP7YGCEK4RB530883,engineering-vehicle,y,74D,SOLID_BLACK,BLACK_CONSOLE_2,APOLLO_19_METALLIC_SHADOW,TESLA_REV2,22.19,SINGLE,Wed Oct 2 19:45:08 2024,28498,2024-10-12,,28498,
XP7YGCEK4TB868579,marketing-vehicle,y,74D,PEARL_WHITE,BLACK_CONSOLE_2,CROSSFLOW_19,TESLA_REV2,1204.58,DUAL_TESLA_GEN5,Fri Apr 10 0:14:06 2026,11726,2026-05-04,,11726,
XP7YGCEK4TB921040,customer-vehicle,y,74D,MARINE_BLUE,BLACK_CONSOLE_2,HELIX_V2_20_DARK,NONE,0.83,DUAL_TESLA_GEN5,Tue Jun 23 8:27:31 2026,28498,2026-06-29,2026-06-30,28498,
XP7YGCEK4TB922138,customer-vehicle,y,74D,QUICKSILVER,BLACK_CONSOLE_2,CROSSFLOW_19,TESLA_REV2,0.74,DUAL_TESLA_GEN5,Tue Jun 23 20:28:01 2026,28498,2026-06-30,,28498,
XP7YGCEK7PB183899,inventory-vehicle,y,74D,PEARL_WHITE,BLACK_CONSOLE_2,INDUCTION_20_BLACK,NONE,10496.07,SINGLE,Tue Jul 25 1:02:16 2023,28498,2023-08-10,,28498,
XP7YGCEK8PB127776,inventory-vehicle,y,74D,SOLID_BLACK,BLACK_CONSOLE_2,APOLLO_19_SILVER,TESLA_REV1,24528.05,SINGLE,Fri Apr 28 6:27:41 2023,28498,2023-05-04,,28498,
XP7YGCEKXSBR00370,service-loaner,y,74D,QUICKSILVER,BLACK_CONSOLE_2,CROSSFLOW_19,TESLA_REV2,5971.97,DUAL_TESLA_GEN5,Thu Oct 31 14:14:28 2024,11724,2026-01-12,,11724,
XP7YGCEKXTB870031,marketing-vehicle,y,74D,DIAMOND_BLACK,BLACK_CONSOLE_2,CROSSFLOW_19,TESLA_REV2,2789.58,DUAL_TESLA_GEN5,Wed Apr 8 19:00:15 2026,30673,2026-04-24,,30673,
XP7YGCEKXTB924301,customer-vehicle,y,74D,PEARL_WHITE,BLACK_CONSOLE_2,CROSSFLOW_19,NONE,0.79,DUAL_TESLA_GEN5,Tue Jun 23 9:23:12 2026,28498,2026-06-29,2026-06-30,28498,
XP7YGCEL0RB333072,inventory-vehicle,y,P74D,SOLID_BLACK,BLACK_CONSOLE_2,UBERTURBINE_21_BLACK,NONE,16000.63,SINGLE,Fri Dec 22 7:00:40 2023,28498,2024-01-10,,28498,
XP7YGCEL1NB015620,inventory-vehicle,y,P74D,SOLID_BLACK,BLACK_CONSOLE_2,UBERTURBINE_21_BLACK,TESLA_REV1,14220.12,SINGLE,Fri Aug 5 9:32:25 2022,28498,2022-08-12,,28498,
XP7YGCEL4SB729270,service-loaner,y,P74D,DIAMOND_BLACK,BLACK_CONSOLE_2,ARACHNID_V2_21,NONE,8442.38,DUAL_TESLA_GEN5,Thu Sep 11 0:51:32 2025,30673,2025-11-05,,30673,
XP7YGCEL5NB001221,internal-vehicle,y,P74D,SOLID_BLACK,BLACK_CONSOLE_2,UBERTURBINE_21_BLACK,NONE,61624.82,SINGLE,Tue Feb 22 15:03:17 2022,30673,2022-11-17,,30673,
XP7YGCEL5TB836068,marketing-vehicle,y,P74D,DIAMOND_BLACK,BLACK_CONSOLE_2,ARACHNID_V2_21,TESLA_REV2,4211.79,DUAL_TESLA_GEN5,Thu Feb 19 17:16:47 2026,30673,2026-03-19,,30673,
XP7YGCER0TB830277,customer-vehicle,y,74,PEARL_WHITE,BLACK,APERTURE_18,NONE,2397.02,DUAL_TESLA_GEN5,Mon Feb 9 19:59:20 2026,30673,2026-03-19,,28498,
XP7YGCER0TB871346,customer-vehicle,y,74,PEARL_WHITE,BLACK,APERTURE_18,NONE,2.66,DUAL_TESLA_GEN5,Fri Apr 10 17:18:58 2026,28498,2026-04-27,2026-06-30,28498,
XP7YGCER0TB918777,customer-vehicle,y,74,PEARL_WHITE,BLACK_CONSOLE_2,CROSSFLOW_19,NONE,0.86,DUAL_TESLA_GEN5,Thu Jun 18 7:19:52 2026,28498,2026-06-23,2026-06-30,28498,
XP7YGCER0TB921095,customer-vehicle,y,74,PEARL_WHITE,BLACK_CONSOLE_2,CROSSFLOW_19,NONE,0.92,DUAL_TESLA_GEN5,Tue Jun 23 10:58:12 2026,28498,2026-06-29,2026-06-30,28498,
XP7YGCER0TB921632,customer-vehicle,y,74,STEALTH_GREY,BLACK_CONSOLE_2,CROSSFLOW_19,NONE,0.82,DUAL_TESLA_GEN5,Mon Jun 22 22:37:34 2026,28498,2026-06-29,2026-06-30,28498,
XP7YGCER1SB551810,inventory-vehicle,y,74,SOLID_BLACK,BLACK_CONSOLE_2,APOLLO_19_METALLIC_SHADOW,NONE,24132.35,SINGLE,Tue Oct 29 6:19:34 2024,28498,2024-11-22,,28498,
XP7YGCER1TB883506,customer-vehicle,y,74,STEALTH_GREY,BLACK_CONSOLE_2,HELIX_V2_20_DARK,NONE,2.84,DUAL_TESLA_GEN5,Mon Apr 27 16:27:41 2026,28498,2026-05-11,,28498,
XP7YGCER1TB920201,customer-vehicle,y,74,ULTRA_RED,BLACK_CONSOLE_2,CROSSFLOW_19,NONE,1.46,DUAL_TESLA_GEN5,Fri Jun 19 5:59:16 2026,28498,2026-06-25,2026-06-30,28498,
XP7YGCER1TB921073,customer-vehicle,y,74,DIAMOND_BLACK,BLACK_CONSOLE_2,CROSSFLOW_19,NONE,1.94,DUAL_TESLA_GEN5,Thu Jun 25 0:09:26 2026,28498,2026-06-29,,28498,
XP7YGCER1TB921249,customer-vehicle,y,74,PEARL_WHITE,BLACK_CONSOLE_2,CROSSFLOW_19,TESLA_REV2,0.81,DUAL_TESLA_GEN5,Tue Jun 23 9:37:40 2026,28498,2026-06-29,2026-06-30,28498,
XP7YGCER1TB923602,customer-vehicle,y,74,STEALTH_GREY,BLACK_CONSOLE_2,CROSSFLOW_19,NONE,0.97,DUAL_TESLA_GEN5,Mon Jun 22 22:41:39 2026,28498,2026-06-29,2026-06-30,28498,
XP7YGCER3TB911239,customer-vehicle,y,74,STEALTH_GREY,BLACK_CONSOLE_2,CROSSFLOW_19,NONE,1.6,DUAL_TESLA_GEN5,Wed Jun 10 11:48:43 2026,28498,2026-06-25,2026-06-30,28498,
XP7YGCER3TB923987,customer-vehicle,y,74,PEARL_WHITE,BLACK_CONSOLE_2,CROSSFLOW_19,TESLA_REV2,1.24,DUAL_TESLA_GEN5,Tue Jun 23 10:44:47 2026,28498,2026-06-29,2026-06-30,28498,
XP7YGCER4TB829679,marketing-vehicle,y,74,QUICKSILVER,BLACK_CONSOLE_2,CROSSFLOW_19,NONE,8773.94,DUAL_TESLA_GEN5,Mon Feb 9 12:12:53 2026,443,2026-03-05,,443,
XP7YGCER4TB924727,customer-vehicle,y,74,STEALTH_GREY,BLACK_CONSOLE_2,CROSSFLOW_19,NONE,1.33,DUAL_TESLA_GEN5,Mon Jun 22 22:37:38 2026,28498,2026-06-29,2026-06-30,28498,
XP7YGCER5TB829819,marketing-vehicle,y,74,QUICKSILVER,BLACK_CONSOLE_2,CROSSFLOW_19,NONE,8254.11,DUAL_TESLA_GEN5,Tue Feb 10 2:52:13 2026,11724,2026-03-10,,11724,
XP7YGCER5TB915339,customer-vehicle,y,74,STEALTH_GREY,BLACK_CONSOLE_2,CROSSFLOW_19,NONE,3.07,DUAL_TESLA_GEN5,Wed Jun 17 23:34:40 2026,28498,2026-06-26,2026-06-30,28498,
XP7YGCER5TB924543,customer-vehicle,y,74,MARINE_BLUE,BLACK_CONSOLE_2,CROSSFLOW_19,TESLA_REV2,2.15,DUAL_TESLA_GEN5,Tue Jun 23 5:44:25 2026,28498,2026-06-26,,28498,
XP7YGCER6TB918783,customer-vehicle,y,74,DIAMOND_BLACK,BLACK_CONSOLE_2,CROSSFLOW_19,NONE,1.53,DUAL_TESLA_GEN5,Wed Jun 17 20:57:56 2026,28498,2026-06-20,2026-06-30,28498,
XP7YGCER7TB747493,internal-vehicle,y,74,PEARL_WHITE,BLACK_CONSOLE_2,CROSSFLOW_19,NONE,11393.37,DUAL_TESLA_GEN5,Thu Oct 9 4:21:11 2025,443,,,443,
XP7YGCER7TB903631,customer-vehicle,y,74,DIAMOND_BLACK,BLACK_CONSOLE_2,CROSSFLOW_19,TESLA_REV2,2.71,DUAL_TESLA_GEN5,Mon Jun 1 0:53:08 2026,28498,2026-06-11,,28498,
XP7YGCER7TB925497,customer-vehicle,y,74,DIAMOND_BLACK,BLACK_CONSOLE_2,CROSSFLOW_19,NONE,1.2,DUAL_TESLA_GEN5,Thu Jun 25 22:43:17 2026,28498,2026-06-29,,28498,
XP7YGCER8TB830012,marketing-vehicle,y,74,QUICKSILVER,BLACK_CONSOLE_2,CROSSFLOW_19,NONE,6537.31,DUAL_TESLA_GEN5,Mon Feb 9 13:29:40 2026,30673,2026-03-19,,30673,
XP7YGCER8TB921300,customer-vehicle,y,74,QUICKSILVER,BLACK_CONSOLE_2,CROSSFLOW_19,NONE,1.33,DUAL_TESLA_GEN5,Mon Jun 22 2:33:43 2026,28498,2026-06-25,2026-06-30,28498,
XP7YGCER9SB590998,customer-vehicle,y,74,PEARL_WHITE,BLACK_CONSOLE_2,APOLLO_19_METALLIC_SHADOW,NONE,26226.16,SINGLE,Thu Jan 9 23:32:01 2025,28498,2025-01-23,2026-07-04,28498,
XP7YGCER9TB849541,marketing-vehicle,y,74,MARINE_BLUE,WHITE_CONSOLE_2,HELIX_V2_20_DARK,NONE,277.07,DUAL_TESLA_GEN5,Tue Mar 10 4:32:16 2026,443,2026-06-22,,443,
XP7YGCER9TB878005,marketing-vehicle,y,74,PEARL_WHITE,BLACK_CONSOLE_2,CROSSFLOW_19,NONE,1.95,DUAL_TESLA_GEN5,Tue Apr 21 10:35:48 2026,443,2026-06-18,,443,
XP7YGCES0RB434538,inventory-vehicle,y,74,QUICKSILVER,BLACK_CONSOLE_2,APOLLO_19_SILVER,TESLA_REV1,32183.36,SINGLE,Wed Apr 24 1:10:41 2024,28498,2024-06-07,,28498,
XP7YGCES1RB396074,inventory-vehicle,y,50,SOLID_BLACK,BLACK_CONSOLE_2,APOLLO_19_SILVER,NONE,34132.61,SINGLE,Mon Feb 26 20:26:53 2024,28498,2024-03-08,,28498,
XP7YGCES2RB443516,inventory-vehicle,y,50,PEARL_WHITE,BLACK_CONSOLE_2,APOLLO_19_SILVER,NONE,15645.64,SINGLE,Tue Apr 30 6:22:20 2024,28498,2024-06-26,,28498,
XP7YGCES4RB263891,inventory-vehicle,y,50,PEARL_WHITE,BLACK_CONSOLE_2,APOLLO_19_SILVER,TESLA_REV1,20947.66,SINGLE,Tue Oct 17 17:39:54 2023,28498,2023-10-20,,28498,
XP7YGCES5RB437659,inventory-vehicle,y,74,PEARL_WHITE,WHITE_CONSOLE_2,INDUCTION_20_BLACK,TESLA_REV1,21361.7,SINGLE,Wed Apr 24 21:03:06 2024,28498,,,28498,
XP7YGCES5RB508827,inventory-vehicle,y,50,PEARL_WHITE,BLACK_CONSOLE_2,APOLLO_19_METALLIC_SHADOW,NONE,15109.15,SINGLE,Tue Sep 3 0:09:59 2024,28498,2024-09-07,,28498,
XP7YGCES6RB254044,inventory-vehicle,y,50,PEARL_WHITE,BLACK_CONSOLE_2,APOLLO_19_SILVER,NONE,33976.34,SINGLE,Fri Oct 13 1:33:05 2023,28498,2023-10-18,,28498,
XP7YGCES7RB497328,inventory-vehicle,y,50,PEARL_WHITE,BLACK_CONSOLE_2,INDUCTION_20_BLACK,NONE,20172.33,SINGLE,Fri Jul 26 10:51:51 2024,28498,2024-08-08,,28498,
XP7YGCES8SB541438,inventory-vehicle,y,50,SOLID_BLACK,BLACK_CONSOLE_2,APOLLO_19_METALLIC_SHADOW,TESLA_REV2,6894.76,SINGLE,Thu Oct 17 23:26:39 2024,28498,2024-11-27,,28498,
XP7YGCES9PB126118,mobileservice,y,50,SOLID_BLACK,BLACK_CONSOLE_2,APOLLO_19_SILVER,NONE,58457.11,SINGLE,Mon Apr 17 7:47:05 2023,11724,2026-04-28,,11724,
XP7YGCESXRB302550,inventory-vehicle,y,50,QUICKSILVER,BLACK_CONSOLE_2,INDUCTION_20_BLACK,NONE,1283.09,SINGLE,Tue Nov 28 6:33:25 2023,28498,2024-09-03,,28498,
XP7YGCESXRB369357,inventory-vehicle,y,50,SOLID_BLACK,BLACK_CONSOLE_2,APOLLO_19_SILVER,NONE,20564.1,SINGLE,Fri Jan 19 18:54:05 2024,28498,2024-02-06,,28498,
XP7YGCFR0TB829595,inventory-vehicle,y,50,STEALTH_GREY,BLACK,APERTURE_18,NONE,2.61,DUAL_TESLA_GEN5,Sun Feb 8 23:49:25 2026,11724,2026-03-09,,11724,
XP7YGCFR1TB869278,marketing-vehicle,y,50,DIAMOND_BLACK,BLACK,APERTURE_18,NONE,965.19,DUAL_TESLA_GEN5,Fri Apr 10 14:56:55 2026,443,2026-05-11,,443,
XP7YGCFR1TB870477,marketing-vehicle,y,50,PEARL_WHITE,BLACK,APERTURE_18,NONE,357.09,DUAL_TESLA_GEN5,Thu Apr 9 2:46:23 2026,11724,2026-06-18,,11724,
XP7YGCFR1TB874156,inventory-vehicle,y,50,STEALTH_GREY,BLACK,APERTURE_18,NONE,12.89,DUAL_TESLA_GEN5,Sun Apr 12 23:15:21 2026,18441,2026-06-25,,30673,
XP7YGCFR2SB780074,service-loaner,y,50,PEARL_WHITE,BLACK,APERTURE_18,NONE,1435.02,DUAL_TESLA_GEN5,Mon Nov 24 18:34:03 2025,30673,2026-05-15,,30673,
XP7YGCFR2TB847256,marketing-vehicle,y,50,PEARL_WHITE,BLACK,APERTURE_18,TESLA_REV2,584.47,DUAL_TESLA_GEN5,Wed Mar 11 23:30:22 2026,485210,2026-05-15,,485210,
XP7YGCFR2TB869290,marketing-vehicle,y,50,STEALTH_GREY,BLACK,APERTURE_18,NONE,1.8,DUAL_TESLA_GEN5,Fri Apr 10 11:47:34 2026,11724,2026-05-06,,11724,
XP7YGCFR2TB870357,marketing-vehicle,y,50,STEALTH_GREY,BLACK,APERTURE_18,NONE,2.82,DUAL_TESLA_GEN5,Fri Apr 10 18:53:55 2026,443,2026-05-11,,443,
XP7YGCFR3TB830014,customer-vehicle,y,50,STEALTH_GREY,BLACK,APERTURE_18,NONE,1217.81,DUAL_TESLA_GEN5,Mon Feb 9 2:26:15 2026,11726,2026-05-07,2026-06-30,11726,
XP7YGCFR3TB830143,customer-vehicle,y,50,STEALTH_GREY,BLACK,APERTURE_18,NONE,2688.86,DUAL_TESLA_GEN5,Mon Feb 9 4:35:16 2026,28498,2026-07-02,2026-07-04,30673,
XP7YGCFR3TB868603,marketing-vehicle,y,50,STEALTH_GREY,BLACK,APERTURE_18,NONE,1316.09,DUAL_TESLA_GEN5,Thu Apr 9 2:06:30 2026,30673,2026-04-24,,30673,
XP7YGCFR4TB873275,marketing-vehicle,y,50,STEALTH_GREY,BLACK,APERTURE_18,NONE,857.94,DUAL_TESLA_GEN5,Wed Apr 15 5:42:49 2026,11726,2026-05-04,,11726,
XP7YGCFR4TB874703,marketing-vehicle,y,50,STEALTH_GREY,BLACK,APERTURE_18,TESLA_REV2,1319.32,DUAL_TESLA_GEN5,Sun Apr 12 23:40:12 2026,442652,2026-05-15,,442652,
XP7YGCFR5TB868425,marketing-vehicle,y,50,PEARL_WHITE,BLACK,APERTURE_18,NONE,0.96,DUAL_TESLA_GEN5,Thu Apr 9 2:32:07 2026,11726,2026-06-16,,11726,
XP7YGCFR6TB743899,marketing-vehicle,y,50,STEALTH_GREY,BLACK,APERTURE_18,TESLA_REV2,12.02,DUAL_TESLA_GEN5,Wed Oct 22 6:14:31 2025,30673,2026-03-19,,30673,
XP7YGCFR6TB774649,service-loaner,y,50,STEALTH_GREY,BLACK,APERTURE_18,TESLA_REV2,17.47,DUAL_TESLA_GEN5,Fri Nov 14 12:02:03 2025,30673,2026-03-19,,30673,
XP7YGCFR6TB868773,service-loaner,y,50,STEALTH_GREY,BLACK,APERTURE_18,NONE,140.74,DUAL_TESLA_GEN5,Fri Apr 10 12:00:46 2026,8666,2026-07-01,,28498,
XP7YGCFR6TB873651,marketing-vehicle,y,50,STEALTH_GREY,BLACK,APERTURE_18,NONE,1357.82,DUAL_TESLA_GEN5,Sun Apr 12 23:45:20 2026,443,2026-05-11,,443,
XP7YGCFR6TB874492,inventory-vehicle,y,50,STEALTH_GREY,BLACK,APERTURE_18,TESLA_REV2,10.9,DUAL_TESLA_GEN5,Fri Apr 10 21:09:47 2026,18441,2026-06-25,,30673,
XP7YGCFR7TB809053,customer-vehicle,y,50,DIAMOND_BLACK,BLACK,APERTURE_18,NONE,4.42,DUAL_TESLA_GEN5,Fri Jan 16 18:51:33 2026,28498,2026-03-26,2026-06-30,28498,
XP7YGCFR7TB874257,marketing-vehicle,y,50,STEALTH_GREY,BLACK,APERTURE_18,NONE,818.09,DUAL_TESLA_GEN5,Wed Apr 15 6:51:50 2026,11726,2026-05-04,,11726,
XP7YGCFR8TB874221,marketing-vehicle,y,50,STEALTH_GREY,BLACK,APERTURE_18,NONE,1701.95,DUAL_TESLA_GEN5,Sun Apr 12 23:38:37 2026,30673,2026-04-24,,30673,
XP7YGCFR9TB813377,customer-vehicle,y,50,DIAMOND_BLACK,BLACK,APERTURE_18,NONE,2377.67,DUAL_TESLA_GEN5,Fri Jan 23 13:56:16 2026,11724,2026-04-02,2026-06-30,11724,
XP7YGCFR9TB871814,marketing-vehicle,y,50,DIAMOND_BLACK,BLACK,APERTURE_18,NONE,518.83,DUAL_TESLA_GEN5,Fri Apr 10 14:20:19 2026,11726,2026-05-04,,11726,
XP7YGCFRXTB870008,marketing-vehicle,y,50,DIAMOND_BLACK,BLACK,APERTURE_18,NONE,1467.41,DUAL_TESLA_GEN5,Fri Apr 10 11:52:02 2026,11724,2026-05-06,,11724,
